,accuracy,loss,val_accuracy,val_loss
0,0.7196531891822815,0.6211205720901489,0.8480769395828247,0.4717973470687866
1,0.8622350692749023,0.3789500892162323,0.8942307829856873,0.25018230080604553
2,0.9320809245109558,0.20524932444095612,0.9115384817123413,0.2340279072523117
3,0.9585741758346558,0.14713068306446075,0.932692289352417,0.22705942392349243
4,0.9710982441902161,0.11243493854999542,0.9269230961799622,0.22241191565990448
5,0.9797688126564026,0.09654300659894943,0.932692289352417,0.23932772874832153
6,0.9816955924034119,0.09403394162654877,0.9403846263885498,0.2286093384027481
7,0.976396918296814,0.10579783469438553,0.9134615659713745,0.2620394229888916
